{
  "39558595-c64a-4c47-a42b-d73abdda8795": {
    "pid": "39558595-c64a-4c47-a42b-d73abdda8795",
    "definitionId": "jules_fisher",
    "dimension": "cobblemonrealms:realms_world",
    "spawnX": 68.501035968675566,
    "spawnY": 170.0625,
    "spawnZ": 39.030835731474959,
    "spawnYaw": 0.0,
    "roamEnabled": true,
    "roamRadius": 1,
    "roamHomeX": 67,
    "roamHomeY": 170,
    "roamHomeZ": 39,
    "nametagVisible": false
  },
  "f47a7795-abeb-4fcd-b01c-640dd583dbb7": {
    "pid": "f47a7795-abeb-4fcd-b01c-640dd583dbb7",
    "definitionId": "industrial_merchant",
    "dimension": "cobblemonrealms:realms_world",
    "spawnX": 60.036851540259669,
    "spawnY": 173,
    "spawnZ": 118.97142664219824,
    "spawnYaw": 0.0,
    "roamEnabled": false,
    "roamRadius": 5,
    "roamHomeX": 60,
    "roamHomeY": 173,
    "roamHomeZ": 118,
    "nametagVisible": true
  },
  "46cab7bd-52ea-4c90-8229-83b18ceed1c1": {
    "pid": "46cab7bd-52ea-4c90-8229-83b18ceed1c1",
    "definitionId": "apricorn_artisan",
    "dimension": "cobblemonrealms:realms_world",
    "spawnX": 148.48296075247791,
    "spawnY": 172.0625,
    "spawnZ": 69.508226433397581,
    "spawnYaw": 0.0,
    "roamEnabled": false,
    "roamRadius": 0,
    "roamHomeX": 148,
    "roamHomeY": 172,
    "roamHomeZ": 69,
    "nametagVisible": true
  },
  "0d063924-4fe1-4d42-aa40-4d4969a818cb": {
    "pid": "0d063924-4fe1-4d42-aa40-4d4969a818cb",
    "definitionId": "factory_hugo",
    "dimension": "cobblemonrealms:realms_world",
    "spawnX": 61.031174003947974,
    "spawnY": 177,
    "spawnZ": 105.51171296941789,
    "spawnYaw": 0.0,
    "roamEnabled": true,
    "roamRadius": 3,
    "roamHomeX": 61,
    "roamHomeY": 177,
    "roamHomeZ": 105,
    "nametagVisible": false
  },
  "b3d23842-d0b0-4f6f-bbd3-0d82671e91a4": {
    "pid": "b3d23842-d0b0-4f6f-bbd3-0d82671e91a4",
    "definitionId": "sofia_nurse_trainee",
    "dimension": "cobblemonrealms:realms_world",
    "spawnX": 2.699999988079071,
    "spawnY": 174,
    "spawnZ": 23.300000011920929,
    "spawnYaw": 0.0,
    "roamEnabled": false,
    "roamRadius": 5,
    "roamHomeX": 2,
    "roamHomeY": 174,
    "roamHomeZ": 23,
    "nametagVisible": true
  },
  "79421f2a-8fe3-42d2-91fe-d31374b431db": {
    "pid": "79421f2a-8fe3-42d2-91fe-d31374b431db",
    "definitionId": "emilie_citizen",
    "dimension": "cobblemonrealms:realms_world",
    "spawnX": 75.22866314681572,
    "spawnY": 172.0,
    "spawnZ": 7.326627201092662,
    "spawnYaw": 0.0,
    "roamEnabled": true,
    "roamRadius": 5,
    "roamHomeX": 75,
    "roamHomeY": 172,
    "roamHomeZ": 7,
    "nametagVisible": true
  },
  "a0c3d512-80b3-4f4f-a977-89276644cff2": {
    "pid": "a0c3d512-80b3-4f4f-a977-89276644cff2",
    "definitionId": "camille_archivist",
    "dimension": "cobblemonrealms:realms_world",
    "spawnX": 50.600158181619534,
    "spawnY": 174,
    "spawnZ": 64.6228865878019,
    "spawnYaw": 0.0,
    "roamEnabled": true,
    "roamRadius": 6,
    "roamHomeX": 50,
    "roamHomeY": 174,
    "roamHomeZ": 64,
    "nametagVisible": false
  },
  "6b56ae0a-060a-469e-8684-78af25e0e05c": {
    "pid": "6b56ae0a-060a-469e-8684-78af25e0e05c",
    "definitionId": "casino_hugo",
    "dimension": "cobblemonrealms:realms_world",
    "spawnX": 4.300000011920929,
    "spawnY": 173,
    "spawnZ": -11.699999988079073,
    "spawnYaw": 0.0,
    "roamEnabled": true,
    "roamRadius": 5,
    "roamHomeX": 4,
    "roamHomeY": 173,
    "roamHomeZ": -12,
    "nametagVisible": false
  },
  "4f55df6a-6d13-4ff6-b0b4-1d88b5c1ab34": {
    "pid": "4f55df6a-6d13-4ff6-b0b4-1d88b5c1ab34",
    "definitionId": "berry_merchant",
    "dimension": "cobblemonrealms:realms_world",
    "spawnX": 155.02235282662474,
    "spawnY": 172,
    "spawnZ": 65.949782505163313,
    "spawnYaw": 0.0,
    "roamEnabled": true,
    "roamRadius": 1,
    "roamHomeX": 155,
    "roamHomeY": 172,
    "roamHomeZ": 65,
    "nametagVisible": true
  },
  "3d58e247-1207-456a-8793-81b7ca827694": {
    "pid": "3d58e247-1207-456a-8793-81b7ca827694",
    "definitionId": "pokestore2",
    "dimension": "cobblemonrealms:realms_world",
    "spawnX": 16.496579381458808,
    "spawnY": 173,
    "spawnZ": -23.300000011920929,
    "spawnYaw": 0.0,
    "roamEnabled": false,
    "roamRadius": 5,
    "roamHomeX": 16,
    "roamHomeY": 173,
    "roamHomeZ": -24,
    "nametagVisible": true
  },
  "d54d951b-7c44-4b9e-b8a4-583e9520101e": {
    "pid": "d54d951b-7c44-4b9e-b8a4-583e9520101e",
    "definitionId": "pokestore3",
    "dimension": "cobblemonrealms:realms_world",
    "spawnX": 147.49660608676069,
    "spawnY": 172,
    "spawnZ": 76.423881135119842,
    "spawnYaw": 180.0,
    "roamEnabled": false,
    "roamRadius": 5,
    "roamHomeX": 147,
    "roamHomeY": 172,
    "roamHomeZ": 75,
    "nametagVisible": true
  },
  "87abaa6f-352b-4350-999f-5899f0939f1f": {
    "pid": "87abaa6f-352b-4350-999f-5899f0939f1f",
    "definitionId": "battle_item_merchant",
    "dimension": "cobblemonrealms:realms_world",
    "spawnX": 144.51496610517191,
    "spawnY": 172.0625,
    "spawnZ": 68.449351926198119,
    "spawnYaw": 0.0,
    "roamEnabled": false,
    "roamRadius": 0,
    "roamHomeX": 144,
    "roamHomeY": 172,
    "roamHomeZ": 68,
    "nametagVisible": true
  },
  "33b7f847-6c49-4690-a233-f4af2eba0a6f": {
    "pid": "33b7f847-6c49-4690-a233-f4af2eba0a6f",
    "definitionId": "armand_veteran",
    "dimension": "cobblemonrealms:realms_world",
    "spawnX": 42.1847801633014,
    "spawnY": 179,
    "spawnZ": 39.567638864126074,
    "spawnYaw": 0.0,
    "roamEnabled": true,
    "roamRadius": 5,
    "roamHomeX": 42,
    "roamHomeY": 179,
    "roamHomeZ": 39,
    "nametagVisible": false
  },
  "81881857-ce1f-4bb9-a6ba-cc6571e69847": {
    "pid": "81881857-ce1f-4bb9-a6ba-cc6571e69847",
    "definitionId": "theo_assistant",
    "dimension": "cobblemonrealms:realms_world",
    "spawnX": 124.59080828507871,
    "spawnY": 180,
    "spawnZ": 20.516548306312451,
    "spawnYaw": 0.0,
    "roamEnabled": false,
    "roamRadius": 0,
    "roamHomeX": 124,
    "roamHomeY": 180,
    "roamHomeZ": 20,
    "nametagVisible": false
  },
  "ef6e54fc-b91d-4071-82e5-884001f2e7a4": {
    "pid": "ef6e54fc-b91d-4071-82e5-884001f2e7a4",
    "definitionId": "antoine_safari_agent",
    "dimension": "cobblemonrealms:realms_world",
    "spawnX": -25.449934132836717,
    "spawnY": 173,
    "spawnZ": 6.699999988079071,
    "spawnYaw": 0.0,
    "roamEnabled": false,
    "roamRadius": 5,
    "roamHomeX": -26,
    "roamHomeY": 173,
    "roamHomeZ": 6,
    "nametagVisible": true
  },
  "88cf8b60-d647-4ad1-b7ea-210e80624a56": {
    "pid": "88cf8b60-d647-4ad1-b7ea-210e80624a56",
    "definitionId": "bernard_breeder",
    "dimension": "cobblemonrealms:realms_world",
    "spawnX": 107.46120156921411,
    "spawnY": 170,
    "spawnZ": 99.597846431627843,
    "spawnYaw": 0.0,
    "roamEnabled": true,
    "roamRadius": 6,
    "roamHomeX": 107,
    "roamHomeY": 170,
    "roamHomeZ": 99,
    "nametagVisible": false
  },
  "198bcb59-fe83-47c3-945d-fd5bae00862e": {
    "pid": "198bcb59-fe83-47c3-945d-fd5bae00862e",
    "definitionId": "casino_marco",
    "dimension": "cobblemonrealms:realms_world",
    "spawnX": 13.404137558532071,
    "spawnY": 173,
    "spawnZ": -1.4996656737718528,
    "spawnYaw": 0.0,
    "roamEnabled": false,
    "roamRadius": 5,
    "roamHomeX": 13,
    "roamHomeY": 173,
    "roamHomeZ": -2,
    "nametagVisible": false
  },
  "6784cbfe-4fcc-45dd-b1e5-57f4617579b7": {
    "pid": "6784cbfe-4fcc-45dd-b1e5-57f4617579b7",
    "definitionId": "remi_gym_fan",
    "dimension": "cobblemonrealms:realms_world",
    "spawnX": 60.045492165410046,
    "spawnY": 180,
    "spawnZ": 61.489594377683261,
    "spawnYaw": 0.0,
    "roamEnabled": true,
    "roamRadius": 7,
    "roamHomeX": 60,